first_name,last_name,email,gender,ip_address
Ezri,Devonport,edevonport0@latimes.com,Male,64.218.108.232
Griselda,Huscroft,ghuscroft1@theatlantic.com,Female,238.84.228.23
Sky,O'Caine,socaine2@indiatimes.com,Male,69.87.162.242
Helen-elizabeth,Soames,hsoames3@wikia.com,Female,35.18.0.45
Jephthah,Morfett,jmorfett4@dropbox.com,Male,239.112.153.181
Tallulah,Harbertson,tharbertson5@hc360.com,Female,158.86.8.137
Lowell,Ubee,lubee6@tinyurl.com,Male,91.219.207.202
Julian,Croyser,jcroyser7@soup.io,Male,142.67.133.74
Pam,Lapenna,plapenna8@ihg.com,Female,141.75.30.160
Danette,Dun,ddun9@mit.edu,Female,166.102.178.147
Albie,Weldrake,aweldrakea@amazon.co.uk,Male,197.196.111.136
Rorke,Rosenshine,rrosenshineb@vk.com,Male,41.242.100.8
Daryle,enzley,denzleyc@hc360.com,Male,233.77.142.153
Humberto,Pantecost,hpantecostd@boston.com,Male,194.200.126.177
Mort,Aish,maishe@networkadvertising.org,Male,51.66.237.107
Debee,Wrightem,dwrightemf@seattletimes.com,Female,156.171.199.72
Deeann,Kubat,dkubatg@ycombinator.com,Female,111.109.100.179
Tabbitha,Houndsom,thoundsomh@google.com.hk,Female,90.230.55.38
Ambrose,Viscovi,aviscovii@digg.com,Male,97.91.22.211
Vern,Lemonnier,vlemonnierj@usnews.com,Male,151.238.34.113
Rafe,Clack,rclackk@bandcamp.com,Male,241.72.40.95
Dollie,Wreakes,dwreakesl@abc.net.au,Female,103.211.121.180
Ladonna,I'anson,liansonm@redcross.org,Female,89.135.241.86
Marianna,Petts,mpettsn@cornell.edu,horse,44.168.143.54
Georgeta,Snell,gsnello@ezinearticles.com,Female,54.30.11.240
Micky,Jowsey,mjowseyp@baidu.com,Male,14.154.10.229
Iosep,Snewin,isnewinq@imdb.com,Male,168.137.155.42
Chadwick,Temperley,ctemperleyr@uol.com.br,Male,163.240.57.216
Marcos,Fraine,mfraines@merriam-webster.com,Male,97.190.98.188
Inglis,Munkley,imunkleyt@time.com,Male,162.1.96.163
Connie,Faulkener,cfaulkeneru@squarespace.com,Male,105.133.29.224
Noll,Screwton,nscrewtonv@woothemes.com,Male,95.15.251.57
Karoly,Pally,kpallyw@nps.gov,Male,31.43.129.65
Beniamino,McGreal,bmcgrealx@topsy.com,Male,214.137.225.22
Dimitri,Druitt,ddruitty@about.me,Male,178.131.164.8
Lucilia,Hanburry,lhanburryz@hc360.com,Female,23.36.67.153
Kylen,Zettler,kzettler10@free.fr,Female,74.123.62.93
Elwood,Zelley,ezelley11@issuu.com,Male,238.54.3.208
Rosette,McComish,rmccomish12@trellian.com,Female,156.96.110.137
Jared,Burroughes,jburroughes13@go.com,Male,186.56.85.171
Ann,Croisdall,acroisdall14@china.com.cn,Female,235.67.150.156
Othilia,Ohrt,oohrt15@sakura.ne.jp,Female,21.253.33.98
Tanitansy,Paggitt,tpaggitt16@europa.eu,Female,235.50.107.224
Hale,Garshore,hgarshore17@nydailynews.com,Male,34.89.108.31
Isiahi,Tunniclisse,itunniclisse18@mayoclinic.com,Male,242.243.18.31
Deanna,Alvy,dalvy19@usgs.gov,Female,12.178.54.209
Park,Jessett,pjessett1a@unblog.fr,Male,249.29.39.5
Dulcinea,Stickler,dstickler1b@1688.com,Female,130.250.254.97
Moritz,McKinnon,mmckinnon1c@umich.edu,Male,5.195.6.217
Whitney,Moules,wmoules1d@live.com,Female,200.27.239.60
Patience,Joscelyne,pjoscelyne1e@a8.net,Female,119.168.135.79
Donavon,Akaster,dakaster1f@craigslist.org,Male,32.105.218.165
Batholomew,Gettens,bgettens1g@typepad.com,Male,182.65.61.93
Trude,Duffett,tduffett1h@scribd.com,Female,242.69.153.186
Bryn,Sincock,bsincock1i@zdnet.com,Female,88.155.42.83
Reese,Pickhaver,rpickhaver1j@amazon.co.jp,Male,241.108.32.133
Shay,MacPake,smacpake1k@huffingtonpost.com,Female,36.206.242.38
Raffarty,Robken,rrobken1l@t-online.de,Male,237.178.182.194
Mame,Leahair,mleahair1m@booking.com,Female,226.212.163.77
Fredia,Sisneros,fsisneros1n@wp.com,Female,245.49.69.120
Erma,Symonds,esymonds1o@freewebs.com,Female,100.17.175.196
Terza,Dorney,tdorney1p@netvibes.com,Female,204.107.76.159
Rafaellle,Brownlie,rbrownlie1q@archive.org,Male,135.229.120.0
Danie,Redihough,dredihough1r@cpanel.net,Male,6.67.57.206
Karalee,Biddiss,kbiddiss1s@noaa.gov,Female,30.77.183.3
Tarrance,Ranson,transon1t@springer.com,Male,63.183.62.155
Lenka,Duny,lduny1u@mysql.com,Female,250.103.120.216
Lemmy,Glitherow,lglitherow1v@delicious.com,Male,171.126.67.21
Cristiano,Dowey,cdowey1w@dropbox.com,Male,160.27.232.21
De,Portis,dportis1x@cocolog-nifty.com,Female,23.208.245.156
Ambrosi,Such,asuch1y@51.la,Male,101.34.56.68
Lynea,Birkinshaw,lbirkinshaw1z@tinypic.com,Female,21.147.200.114
Pattin,Simko,psimko20@simplemachines.org,Male,31.47.108.223
Randall,Arkwright,rarkwright21@people.com.cn,Male,75.84.151.121
Lexie,Pigrome,lpigrome22@mozilla.org,Female,145.251.215.107
Dynah,Coughtrey,dcoughtrey23@usa.gov,Female,188.59.162.0
Britt,Toohey,btoohey24@senate.gov,Male,91.7.178.94
Penelope,Puckett,ppuckett25@networkadvertising.org,Female,224.218.239.102
Jaymie,Crumpe,jcrumpe26@altervista.org,Male,241.209.67.105
Marget,Simko,msimko27@constantcontact.com,Female,189.47.158.208
Angelina,Philipsohn,aphilipsohn28@microsoft.com,Female,49.114.176.130
Jaynell,Skelhorn,jskelhorn29@wikia.com,Female,189.186.162.222
Batholomew,Greder,bgreder2a@toplist.cz,Male,4.213.95.171
Ingunna,Frankum,ifrankum2b@cdbaby.com,Female,20.239.119.225
Rudy,Pays,rpays2c@slate.com,Male,144.137.115.249
Donnell,Brimble,dbrimble2d@cornell.edu,Male,166.227.184.85
Lynsey,Buxy,lbuxy2e@princeton.edu,Female,162.169.82.71
Abagail,Czyz,aczyz2f@4shared.com,Female,220.160.90.147
Claretta,Langlois,clanglois2g@behance.net,Female,11.137.216.136
Chas,Carless,ccarless2h@cafepress.com,Male,104.186.198.191
Bard,Cressor,bcressor2i@wisc.edu,Male,64.69.23.94
Chicky,Tatford,ctatford2j@loc.gov,Male,176.239.90.181
Alphard,Billanie,abillanie2k@google.es,Male,9.118.163.44
Yves,Molloy,ymolloy2l@thetimes.co.uk,Male,59.237.178.240
Lyda,Rothschild,lrothschild2m@networkadvertising.org,Female,109.188.104.254
Abel,Lantiffe,alantiffe2n@wordpress.org,Male,166.43.24.216
Harri,Savin,hsavin2o@seattletimes.com,Female,146.248.94.112
Ree,Stansbury,rstansbury2p@google.com.br,Female,114.240.101.2
Pegeen,Lewington,plewington2q@privacy.gov.au,Female,219.144.103.45
Crissie,Dorant,cdorant2r@issuu.com,Female,255.187.46.1
Amanda,Gallienne,agallienne2s@harvard.edu,horse,251.199.174.48
Boote,Preece,bpreece2t@independent.co.uk,Male,235.28.24.84
Theodoric,Feeley,tfeeley2u@cornell.edu,Male,75.189.64.70
Lily,Sarl,lsarl2v@vk.com,Female,184.115.88.114
Osbourne,Batterbee,obatterbee2w@fema.gov,Male,244.224.60.105
Wylma,Miliffe,wmiliffe2x@dedecms.com,Female,132.213.200.7
Debra,Donnett,ddonnett2y@theguardian.com,Female,25.157.184.188
Tracee,Hallawell,thallawell2z@chron.com,Female,203.54.79.191
Manya,Ovise,movise30@youtu.be,Female,54.149.144.24
Hunfredo,Bleackly,hbleackly31@plala.or.jp,Male,55.145.9.183
Olly,Morrant,omorrant32@hibu.com,Female,183.236.126.134
Nicol,Harteley,nharteley33@twitpic.com,Male,88.84.58.243
Lorenzo,Redfearn,lredfearn34@scientificamerican.com,Male,61.81.240.248
Sacha,Kyttor,skyttor35@so-net.ne.jp,Female,59.248.217.220
Jeremiah,Gebhard,jgebhard36@ezinearticles.com,Male,222.121.121.100
Bary,Lambotin,blambotin37@mayoclinic.com,Male,73.66.33.229
Victoir,Turl,vturl38@sfgate.com,Male,70.147.241.156
Thadeus,Gibbieson,tgibbieson39@indiatimes.com,Male,89.123.230.58
Von,Kaasmann,vkaasmann3a@bing.com,Male,19.239.88.63
Buddy,Stanyland,bstanyland3b@bluehost.com,Male,168.177.245.239
Chrystal,Shann,cshann3c@meetup.com,Female,105.243.212.78
Frederico,Pegg,fpegg3d@qq.com,Male,14.96.68.26
Onofredo,Stitfall,ostitfall3e@mashable.com,Male,184.213.213.202
Isacco,Walling,iwalling3f@macromedia.com,Male,142.40.245.199
Cello,Blade,cblade3g@amazonaws.com,Male,151.186.75.214
Wenonah,Blethin,wblethin3h@indiegogo.com,Female,114.191.143.82
Sinclare,Kail,skail3i@domainmarket.com,Male,73.250.0.83
Myrwyn,Drejer,mdrejer3j@a8.net,Male,61.68.214.137
Royal,Aubray,raubray3k@sogou.com,Male,221.245.50.132
Jayme,Chenery,jchenery3l@prnewswire.com,Female,72.182.189.52
Barty,Janek,bjanek3m@wordpress.org,Male,209.148.122.65
Vivyanne,Flory,vflory3n@si.edu,Female,154.164.118.170
Melisse,Twatt,mtwatt3o@usda.gov,Female,255.188.154.230
Lainey,Kaiser,lkaiser3p@etsy.com,Female,132.208.75.199
Lowe,Elvins,lelvins3q@blogs.com,Male,247.37.95.219
Therine,Kilbey,tkilbey3r@ustream.tv,Female,144.0.202.145
Myca,Mates,mmates3s@wired.com,Male,68.237.20.120
Aurlie,Durand,adurand3t@cbsnews.com,Female,104.161.103.6
Ewen,Roy,eroy3u@quantcast.com,Male,198.116.175.132
Bronny,Dinis,bdinis3v@mayoclinic.com,Male,26.122.148.215
Elysia,Need,eneed3w@edublogs.org,Female,11.252.216.5
Leontine,Caddock,lcaddock3x@unesco.org,Female,215.188.244.207
Daryle,Bycraft,dbycraft3y@sitemeter.com,Male,225.55.163.175
Sheffie,Drinkwater,sdrinkwater3z@fastcompany.com,Male,207.204.32.15
Salli,Whewell,swhewell40@arstechnica.com,Female,175.29.136.68
Stefa,Biagioni,sbiagioni41@indiatimes.com,Female,156.231.45.232
Carleen,Pridgeon,cpridgeon42@go.com,Female,238.253.34.14
Mellisent,Connew,mconnew43@google.pl,Female,108.41.220.133
Renelle,Smaleman,rsmaleman44@blogs.com,Female,233.126.152.168
Derick,Schwandermann,dschwandermann45@com.com,Male,211.135.119.182
Nicholle,Kidstoun,nkidstoun46@biblegateway.com,Female,210.100.208.70
Chev,Upwood,cupwood47@army.mil,Male,9.186.185.65
Olive,Kroch,okroch48@craigslist.org,Female,173.56.12.117
Barton,Castiblanco,bcastiblanco49@oracle.com,Male,173.197.36.231
Tadeas,Arrell,tarrell4a@delicious.com,Male,200.161.50.9
Domingo,Mussared,dmussared4b@google.ca,Male,99.29.36.206
Georgina,Ginnane,gginnane4c@economist.com,Female,135.168.18.243
Jeffrey,Powderham,jpowderham4d@nydailynews.com,Male,70.83.112.220
Jordana,Vallender,jvallender4e@columbia.edu,Female,134.204.41.41
Urson,Mackieson,umackieson4f@icio.us,Male,170.121.3.155
Ludwig,Tavernor,ltavernor4g@dropbox.com,Male,172.6.212.84
Vida,Leuchars,vleuchars4h@com.com,Female,182.250.68.237
Demetra,Rannie,drannie4i@icio.us,Female,255.143.126.73
Erastus,Pardoe,epardoe4j@photobucket.com,Male,92.157.83.152
Rafferty,Simonyi,rsimonyi4k@businessinsider.com,Male,212.253.141.192
Yale,Kerr,ykerr4l@unesco.org,Male,186.223.28.59
Kellby,Newlove,knewlove4m@purevolume.com,Male,177.253.177.232
Eve,Sanchiz,esanchiz4n@gizmodo.com,Female,114.134.240.190
Bo,O'Reilly,boreilly4o@typepad.com,Male,152.227.89.191
Libbey,Heintz,lheintz4p@de.vu,Female,245.164.52.169
Pam,Piatto,ppiatto4q@amazon.com,Female,27.253.178.112
Hunt,Sillars,hsillars4r@newyorker.com,Male,152.122.43.15
Shelley,Alcott,salcott4s@1und1.de,Male,87.168.105.36
Christie,Boschmann,cboschmann4t@jigsy.com,Female,146.166.208.141
Tom,Reinmar,treinmar4u@digg.com,Male,141.67.177.236
Mace,Dellenbrok,mdellenbrok4v@comsenz.com,Male,221.125.61.164
Ray,Praten,rpraten4w@tinyurl.com,Male,243.154.51.248
Davine,Claxson,dclaxson4x@google.de,Female,113.136.145.154
Penrod,Phin,pphin4y@storify.com,Male,181.19.141.6
Tonie,Kelshaw,tkelshaw4z@goo.gl,Female,53.239.241.136
Ephrem,Shernock,eshernock50@businessweek.com,Male,226.54.62.62
Gregorius,Escalera,gescalera51@webnode.com,Male,221.46.53.158
Marsha,Mumford,mmumford52@mozilla.com,Female,123.251.68.8
Reagan,McGready,rmcgready53@usgs.gov,Male,90.223.58.200
Batsheva,Corneille,bcorneille54@ed.gov,Female,78.222.218.74
Zaria,Juleff,zjuleff55@csmonitor.com,Female,147.40.253.2
Ole,Leythley,oleythley56@people.com.cn,Male,1.184.149.193
Charlean,Whitrod,cwhitrod57@stanford.edu,Female,31.167.214.254
Aimil,O'Hingerty,aohingerty58@blogs.com,Female,2.139.224.168
Devlen,Amey,damey59@twitter.com,Male,105.169.253.3
Jenda,Eivers,jeivers5a@goo.ne.jp,Female,8.3.47.154
Yank,Iannuzzelli,yiannuzzelli5b@multiply.com,Male,194.86.63.171
Adriaens,Brislawn,abrislawn5c@weather.com,Female,55.38.200.241
Codi,Buzek,cbuzek5d@usda.gov,Male,78.180.126.34
Crista,Merriday,cmerriday5e@statcounter.com,Female,90.148.113.83
Laverne,Phetteplace,lphetteplace5f@facebook.com,Female,208.128.78.198
Stephan,Chidley,schidley5g@howstuffworks.com,horse,224.178.85.178
Elsie,Ell,eell5h@51.la,Female,124.13.96.70
Guglielma,Blas,gblas5i@over-blog.com,Female,77.136.17.232
Bartholomew,Prior,bprior5j@vkontakte.ru,Male,205.196.217.78
Prince,Casin,pcasin5k@yahoo.co.jp,Male,189.157.211.138
Pablo,Lawley,plawley5l@bloglovin.com,Male,169.65.69.209
Esmaria,Shambrook,eshambrook5m@booking.com,Female,30.200.211.178
Francesco,Mcimmie,fmcimmie5n@utexas.edu,Male,197.35.80.173
Katharina,Muddicliffe,kmuddicliffe5o@lycos.com,Female,163.245.133.18
Oates,Knowlman,oknowlman5p@usatoday.com,Male,124.82.238.149
Selie,Brickwood,sbrickwood5q@flickr.com,Female,231.107.81.142
Bobby,Gillum,bgillum5r@delicious.com,Male,69.144.205.250
Kellby,Janes,kjanes5s@ca.gov,Male,199.154.235.86
Lancelot,Campione,lcampione5t@xrea.com,Male,68.113.70.109
Hetti,Brave,hbrave5u@t-online.de,Female,223.156.198.48
Byram,Huckerbe,bhuckerbe5v@businessinsider.com,Male,219.108.201.75
Adina,Vinall,avinall5w@telegraph.co.uk,Female,198.228.5.254
Inglebert,Kobieriecki,ikobieriecki5x@blogspot.com,Male,65.58.138.223
Karlen,Treen,ktreen5y@sohu.com,Female,178.31.210.105
Ronica,McCleary,rmccleary5z@prnewswire.com,Female,49.7.200.3
Cordie,Drowsfield,cdrowsfield60@elegantthemes.com,Male,130.73.18.193
Cchaddie,Robbe,crobbe61@mapquest.com,Male,141.142.94.183
Rozele,Peterson,rpeterson62@yandex.ru,Female,165.106.6.48
Wilbert,Halhead,whalhead63@quantcast.com,Male,6.86.32.195
Bryan,Dale,bdale64@adobe.com,Male,73.185.120.213
Olivie,Glendza,oglendza65@blogger.com,Female,23.218.195.10
Madeline,Lias,mlias66@loc.gov,Female,163.199.49.152
Cesya,Hairsine,chairsine67@fastcompany.com,Female,80.3.234.239
Jonathan,Message,jmessage68@ow.ly,Male,63.251.122.126
Eirena,MacConchie,emacconchie69@chronoengine.com,Female,34.57.161.37
Claudian,Mirfield,cmirfield6a@newsvine.com,Male,77.219.176.238
Wendi,Sumnall,wsumnall6b@senate.gov,Female,142.255.61.240
Damiano,Clemmitt,dclemmitt6c@who.int,Male,0.72.49.4
Georgeanna,Hensmans,ghensmans6d@wiley.com,Female,134.24.132.200
Barbara-anne,Crafts,bcrafts6e@yolasite.com,Female,83.235.187.49
Ruperta,Busst,rbusst6f@github.com,Female,110.154.233.69
Derril,Busen,dbusen6g@facebook.com,Male,93.188.35.104
Roobbie,Brain,rbrain6h@issuu.com,Female,180.118.20.81
Steven,Marde,smarde6i@naver.com,Male,97.193.42.148
Milicent,Hrycek,mhrycek6j@nbcnews.com,Female,250.60.93.242
Amelia,Arnholtz,aarnholtz6k@patch.com,Female,107.55.10.41
Herman,Lawn,hlawn6l@wisc.edu,Male,178.35.199.223
Chloette,Oxx,coxx6m@mysql.com,Female,144.226.107.2
Dulcie,Sarjeant,dsarjeant6n@cafepress.com,Female,228.119.112.32
Hilary,Schrir,hschrir6o@shareasale.com,Male,76.249.37.196
Dell,Clayson,dclayson6p@boston.com,Female,102.35.153.60
Normand,Binnie,nbinnie6q@examiner.com,Male,200.65.162.98
Torey,Capron,tcapron6r@furl.net,Male,210.53.71.123
Dur,Galtone,dgaltone6s@facebook.com,Male,0.5.21.86
Levon,Carlesso,lcarlesso6t@admin.ch,Male,231.2.247.2
Ingmar,Scroggins,iscroggins6u@live.com,Male,88.13.159.188
Cosmo,Koch,ckoch6v@arstechnica.com,Male,148.124.81.128
Emmit,Archbald,earchbald6w@photobucket.com,Male,235.181.44.128
Dwayne,Bogies,dbogies6x@princeton.edu,Male,228.149.229.189
Khalil,Reedie,kreedie6y@nydailynews.com,Male,59.253.109.97
Dody,Gensavage,dgensavage6z@addthis.com,Female,3.146.35.86
Kevin,Feldstern,kfeldstern70@rambler.ru,Male,183.226.54.134
Rocky,Kolczynski,rkolczynski71@mapy.cz,Male,76.250.127.91
Meghan,Caws,mcaws72@washingtonpost.com,Female,33.161.32.71
Lorrin,Blackeby,lblackeby73@toplist.cz,Female,179.129.56.24
Isacco,Sinnie,isinnie74@4shared.com,Male,216.151.228.173
Natty,Sargison,nsargison75@comsenz.com,Female,254.231.237.59
Avie,Redhead,aredhead76@toplist.cz,Female,44.74.247.188
Vickie,Checchetelli,vchecchetelli77@blinklist.com,Female,75.68.128.198
Abie,Dyett,adyett78@apple.com,Male,55.206.119.109
Conrade,Greenan,cgreenan79@weebly.com,Male,112.51.53.142
Reuven,Ilyunin,rilyunin7a@mac.com,Male,24.28.27.234
Dukey,Vampouille,dvampouille7b@nhs.uk,Male,62.193.67.12
Ignace,Moyse,imoyse7c@mysql.com,Male,206.89.66.236
Annora,McGerraghty,amcgerraghty7d@engadget.com,Female,180.230.159.219
Craggie,Yetton,cyetton7e@ustream.tv,Male,43.177.235.2
Mair,Wesker,mwesker7f@dailymail.co.uk,Female,16.234.95.0
Lacy,Clair,lclair7g@clickbank.net,Female,184.21.212.181
Woodman,Plampin,wplampin7h@rakuten.co.jp,horse,14.70.35.160
Agathe,Van de Velde,avandevelde7i@usatoday.com,Female,201.117.253.76
Eben,Abelov,eabelov7j@friendfeed.com,Male,85.193.150.40
Maris,Shee,mshee7k@quantcast.com,Female,200.11.117.62
Maribel,Truss,mtruss7l@yale.edu,Female,68.4.65.20
Rosanne,Draayer,rdraayer7m@craigslist.org,Female,226.172.250.174
Cristiano,Carmel,ccarmel7n@sciencedirect.com,Male,167.91.175.124
Dannie,Bunyan,dbunyan7o@cpanel.net,Male,105.95.157.110
Eryn,Langlais,elanglais7p@sohu.com,Female,195.46.19.129
Farley,Ekkel,fekkel7q@aol.com,Male,99.100.148.52
Garth,Ridges,gridges7r@myspace.com,Male,212.3.68.2
Mitchell,Martignoni,mmartignoni7s@gmpg.org,Male,80.251.194.181
Adolf,Kerton,akerton7t@i2i.jp,Male,42.244.187.70
Maxwell,Stuffins,mstuffins7u@360.cn,Male,42.129.152.186
Thorsten,Woodfine,twoodfine7v@unc.edu,Male,46.139.122.199
Grace,Parkins,gparkins7w@purevolume.com,Female,147.63.20.113
Normie,Braidman,nbraidman7x@gravatar.com,Male,34.9.119.104
Zach,Lenham,zlenham7y@xrea.com,Male,13.215.106.169
Sallee,Spellsworth,sspellsworth7z@lycos.com,Female,251.247.211.50
Jemima,Oxtoby,joxtoby80@godaddy.com,Female,73.201.109.237
Zacharia,Dundendale,zdundendale81@dion.ne.jp,Male,108.13.81.156
Sofie,Boatman,sboatman82@ovh.net,Female,165.88.206.11
Winn,Tolworthie,wtolworthie83@dion.ne.jp,Male,69.11.252.229
Lorilee,Lindemann,llindemann84@parallels.com,Female,254.164.191.252
Alvy,Willox,awillox85@so-net.ne.jp,Male,245.118.44.86
Frederich,Amiable,famiable86@comcast.net,Male,44.92.219.118
Bab,Svanini,bsvanini87@mozilla.com,Female,37.23.105.73
Homere,M'Barron,hmbarron88@sitemeter.com,Male,154.59.35.150
Gael,Croson,gcroson89@google.com.br,Female,134.53.172.17
Staci,Allport,sallport8a@de.vu,Female,58.220.167.165
Ximenes,Hoggins,xhoggins8b@illinois.edu,Male,6.136.154.81
Carrol,Haggata,chaggata8c@harvard.edu,Male,38.122.185.164
Claire,Jenking,cjenking8d@clickbank.net,Male,18.118.124.119
Brose,Oldroyde,boldroyde8e@google.com.au,Male,242.192.57.75
Yvon,Bonnyson,ybonnyson8f@livejournal.com,Male,193.14.110.174
Cherin,Minchinton,cminchinton8g@tiny.cc,Female,213.117.148.9
Joshua,Grieg,jgrieg8h@etsy.com,Male,211.196.88.126
Ashby,Duplain,aduplain8i@thetimes.co.uk,Male,20.237.148.47
Paige,Szymaniak,pszymaniak8j@rakuten.co.jp,Female,185.67.97.126
Brade,Mallindine,bmallindine8k@time.com,Male,221.194.173.152
Purcell,Maddrah,pmaddrah8l@cbslocal.com,Male,123.238.45.71
Josi,Scutter,jscutter8m@ihg.com,Female,85.80.137.61
Papagena,Kingsford,pkingsford8n@hp.com,Female,176.225.130.169
Garvy,Howen,ghowen8o@census.gov,Male,70.186.79.80
Ralf,Hatherleigh,rhatherleigh8p@msn.com,Male,51.87.104.168
Marita,Clewarth,mclewarth8q@google.es,Female,167.249.254.151
Clint,Simononsky,csimononsky8r@cyberchimps.com,Male,128.204.53.30
Panchito,Mariault,pmariault8s@dyndns.org,Male,241.206.200.126
Brook,Massie,bmassie8t@ucoz.com,Female,29.226.178.85
Teriann,Pimmocke,tpimmocke8u@xing.com,Female,76.245.105.75
Fredelia,Johanning,fjohanning8v@europa.eu,Female,108.40.72.22
Boony,Bartoszewski,bbartoszewski8w@army.mil,Male,97.172.49.157
Waylan,Crookshank,wcrookshank8x@tinypic.com,Male,119.97.136.145
Obed,MacEnelly,omacenelly8y@stanford.edu,Male,238.30.54.18
Bernhard,Moir,bmoir8z@utexas.edu,Male,40.19.202.224
Maxie,Wimpenny,mwimpenny90@mayoclinic.com,Female,120.119.53.217
Kaleb,Aucott,kaucott91@unblog.fr,Male,104.191.173.234
Stefania,Teape,steape92@ezinearticles.com,Female,125.62.5.61
Ianthe,Rowett,irowett93@independent.co.uk,Female,107.14.188.182
Danette,Usherwood,dusherwood94@lulu.com,Female,196.65.33.56
Jdavie,Lundbeck,jlundbeck95@amazon.co.uk,Male,201.250.93.207
Donni,Poletto,dpoletto96@360.cn,Female,252.127.151.9
Carena,Guilbert,cguilbert97@feedburner.com,Female,99.129.208.219
Meier,Leger,mleger98@hostgator.com,Male,215.117.115.15
Charil,Hune,chune99@baidu.com,Female,250.198.129.144
Robbi,Sail,rsail9a@biblegateway.com,Female,238.82.136.166
Dunn,Simmell,dsimmell9b@wisc.edu,Male,1.199.118.2
Jany,Revie,jrevie9c@ucla.edu,Female,9.196.240.141
Gabrila,Clewes,gclewes9d@desdev.cn,Female,230.155.70.154
Lotte,Clacson,lclacson9e@state.tx.us,Female,75.39.36.113
Eberhard,Udden,eudden9f@reuters.com,horse,149.4.5.116
Toddy,Nuth,tnuth9g@usatoday.com,Male,233.180.98.225
Giulio,Agett,gagett9h@xinhuanet.com,Male,118.255.87.191
Flem,Braundt,fbraundt9i@multiply.com,Male,84.2.226.38
April,Dybbe,adybbe9j@last.fm,Female,31.84.28.242
Benoite,Valentinuzzi,bvalentinuzzi9k@livejournal.com,Female,55.208.51.190
Ferdie,Lipscomb,flipscomb9l@ox.ac.uk,Male,127.95.225.190
Ettie,Hamelyn,ehamelyn9m@pagesperso-orange.fr,Female,244.19.68.95
Trip,Rosenbaum,trosenbaum9n@altervista.org,Male,17.125.165.255
Georgianne,Clues,gclues9o@ucla.edu,Female,203.114.36.87
Fenelia,Filippi,ffilippi9p@kickstarter.com,Female,97.1.167.110
Hallsy,Cardenas,hcardenas9q@weibo.com,Male,182.228.213.105
Delbert,Harrell,dharrell9r@skyrock.com,Male,108.173.205.63
Ewell,Menaul,emenaul9s@cpanel.net,Male,151.151.114.165
Sara-ann,Laybourne,slaybourne9t@cafepress.com,Female,142.252.156.31
Durward,Bricknall,dbricknall9u@yahoo.com,Male,89.105.193.9
Wayne,Aubrey,waubrey9v@spotify.com,Male,246.34.219.217
Wenonah,Filippozzi,wfilippozzi9w@businessweek.com,Female,244.41.85.58
Myrah,Getty,mgetty9x@theatlantic.com,Female,101.134.69.180
Adriano,Cohani,acohani9y@com.com,Male,147.59.107.132
Ari,Clemitt,aclemitt9z@ft.com,Male,31.94.49.103
Nicko,Quadling,nquadlinga0@sohu.com,Male,44.131.198.55
Damita,Berre,dberrea1@edublogs.org,Female,217.45.43.38
Wainwright,Ickovitz,wickovitza2@yelp.com,Male,104.252.236.114
Hilario,Bootton,hboottona3@illinois.edu,Male,5.247.65.4
Jinny,Booi,jbooia4@bluehost.com,Female,151.31.140.154
Norton,Vankeev,nvankeeva5@google.co.jp,Male,173.66.118.191
Shandra,Petti,spettia6@usnews.com,Female,80.24.225.25
Tommie,Barrows,tbarrowsa7@wikia.com,Male,186.88.244.153
Baily,Shelf,bshelfa8@umn.edu,Male,160.177.126.135
Parry,Heustice,pheusticea9@cnbc.com,Male,204.215.132.145
Duff,Rockingham,drockinghamaa@ifeng.com,Male,253.253.174.246
Leslie,Felipe,lfelipeab@posterous.com,Female,94.42.187.234
Thorny,Damato,tdamatoac@usatoday.com,Male,122.121.219.131
Olivero,Markel,omarkelad@sogou.com,Male,235.174.226.152
Andee,Bassom,abassomae@sohu.com,Female,137.11.179.61
Carie,Grishunin,cgrishuninaf@symantec.com,Female,236.31.108.3
Olympia,Ricket,oricketag@bbb.org,Female,214.251.177.38
Fidelia,Jendas,fjendasah@php.net,Female,37.238.217.8
Susette,Sherme,sshermeai@telegraph.co.uk,Female,121.168.13.221
Devy,Hatrey,dhatreyaj@huffingtonpost.com,Male,252.114.212.141
Ado,Pattle,apattleak@aol.com,Male,29.58.31.125
Danita,Gaize,dgaizeal@gravatar.com,Female,214.196.180.163
Norina,Heyfield,nheyfieldam@studiopress.com,Female,71.177.46.50
Bondie,Penwell,bpenwellan@reverbnation.com,Male,228.47.154.126
Laurie,Sloy,lsloyao@digg.com,Female,187.64.173.211
Rem,McShirrie,rmcshirrieap@digg.com,Male,164.147.6.82
Jobie,Jameson,jjamesonaq@nba.com,Female,216.1.49.7
Melosa,Bener,mbenerar@sakura.ne.jp,Female,50.253.98.156
Ann-marie,Friary,afriaryas@alexa.com,Female,110.22.62.44
Salomone,Rubinov,srubinovat@prlog.org,Male,131.128.135.125
Kalina,Bensusan,kbensusanau@google.de,Female,176.170.160.114
Letta,Back,lbackav@ehow.com,Female,58.249.11.199
Elberta,Curwen,ecurwenaw@google.es,Female,92.17.169.22
Rafferty,Clendening,rclendeningax@paypal.com,Male,180.192.249.169
Rainer,Danet,rdanetay@patch.com,Male,21.76.71.68
Gabriel,Blazic,gblazicaz@hc360.com,Female,56.179.115.45
Eugenius,St Quenin,estqueninb0@soundcloud.com,Male,17.175.104.86
Enrica,Buston,ebustonb1@spiegel.de,Female,219.66.147.56
Dallas,Skyppe,dskyppeb2@salon.com,Male,191.38.126.105
Jerry,Rany,jranyb3@netscape.com,Female,95.255.22.245
Hope,Dossett,hdossettb4@csmonitor.com,Female,55.250.68.220
Alvis,Antonioni,aantonionib5@is.gd,Male,191.65.235.27
Julian,Norwich,jnorwichb6@hibu.com,Male,52.53.237.154
Goober,Castenda,gcastendab7@joomla.org,Male,230.153.27.240
Ronnie,Birkmyr,rbirkmyrb8@un.org,Male,244.192.125.70
Izabel,MacDunlevy,imacdunlevyb9@vimeo.com,Female,227.44.42.155
Scarlet,Faivre,sfaivreba@upenn.edu,Female,33.227.201.71
Jonas,Reilly,jreillybb@vistaprint.com,Male,195.135.48.52
Saunder,Dibden,sdibdenbc@youku.com,Male,184.229.25.122
Estevan,Tilley,etilleybd@phoca.cz,Male,212.111.108.254
Leighton,Harmston,lharmstonbe@studiopress.com,Male,187.30.135.10
Brandyn,Quernel,bquernelbf@blinklist.com,Male,230.60.101.232
Sheelah,Matelyunas,smatelyunasbg@joomla.org,Female,107.23.177.2
Shirline,Dafydd,sdafyddbh@networksolutions.com,Female,49.57.65.213
Ulrick,Bennitt,ubennittbi@wikimedia.org,Male,79.215.56.198
Perkin,Gruszka,pgruszkabj@nasa.gov,Male,80.74.162.17
Analiese,Gobat,agobatbk@ycombinator.com,Female,205.217.45.63
Haley,Ogdahl,hogdahlbl@list-manage.com,Female,31.220.246.16
Valaree,Crowest,vcrowestbm@yolasite.com,Female,185.132.85.192
Lisbeth,Chagg,lchaggbn@smh.com.au,Female,4.32.225.32
Tobye,Merriton,tmerritonbo@istockphoto.com,Female,128.204.213.7
Angelique,Niemetz,aniemetzbp@google.com.hk,Female,196.154.115.178
Bancroft,Cantopher,bcantopherbq@yolasite.com,Male,87.8.9.142
Karen,Tolworthie,ktolworthiebr@gov.uk,Female,145.98.240.210
Enrika,Kezourec,ekezourecbs@jalbum.net,Female,122.248.100.133
Annabella,Cristobal,acristobalbt@phpbb.com,Female,98.46.40.59
Paula,Czajka,pczajkabu@myspace.com,Female,65.160.79.75
Jeffry,Masden,jmasdenbv@paginegialle.it,Male,47.108.248.165
Cale,Bedo,cbedobw@surveymonkey.com,Male,125.134.203.92
Ivar,Delete,ideletebx@toplist.cz,Male,237.234.117.50
Doug,Pressey,dpresseyby@umn.edu,Male,209.6.154.207
Dinny,Jozsef,djozsefbz@bandcamp.com,Female,24.100.138.178
Diana,Zeplin,dzeplinc0@blogs.com,Female,88.176.153.0
Gwenette,Rusbridge,grusbridgec1@sourceforge.net,Female,99.9.146.110
Gale,Draude,gdraudec2@eepurl.com,Female,208.113.210.90
Roberta,Cisland,rcislandc3@sbwire.com,Female,110.139.30.224
Filia,Bartholomieu,fbartholomieuc4@gmpg.org,Female,223.39.217.79
Marabel,Rosenauer,mrosenauerc5@goo.ne.jp,Female,183.133.5.121
Goldie,Rucklidge,grucklidgec6@over-blog.com,Female,63.20.197.179
Ozzie,Mariyushkin,omariyushkinc7@phoca.cz,Male,129.198.92.147
Phaedra,Sante,psantec8@woothemes.com,Female,216.219.179.165
Gene,Rosetti,grosettic9@com.com,Male,199.128.137.163
Nellie,Copcote,ncopcoteca@newyorker.com,Female,112.44.19.84
Tiphany,Copperwaite,tcopperwaitecb@noaa.gov,Female,10.101.188.78
Al,MacComiskey,amaccomiskeycc@issuu.com,Male,208.23.48.204
Ingamar,Punton,ipuntoncd@w3.org,Male,14.252.48.174
Lorilee,Thomtson,lthomtsonce@census.gov,Female,15.248.86.253
Nolie,Vasilchenko,nvasilchenkocf@over-blog.com,Female,113.65.43.143
Win,Devenny,wdevennycg@mac.com,Male,92.178.153.79
Gary,Dovey,gdoveych@hp.com,Male,4.162.99.136
Janot,Lung,jlungci@etsy.com,Female,102.54.53.7
Martyn,Hackinge,mhackingecj@alexa.com,Male,59.244.172.73
Melvyn,Parr,mparrck@mapy.cz,Male,71.207.237.98
Gregory,Skurm,gskurmcl@yahoo.com,Male,56.224.46.176
Jarrad,Ortmann,jortmanncm@behance.net,Male,215.147.170.193
Diarmid,Matsell,dmatsellcn@npr.org,Male,209.238.242.149
Taryn,Trevan,ttrevanco@dailymail.co.uk,Female,199.159.78.89
Nat,Glyne,nglynecp@about.me,Female,63.240.251.210
Angelia,Livett,alivettcq@macromedia.com,Female,101.3.113.35
Emilia,Fritchly,efritchlycr@mozilla.com,Female,217.21.47.80
Isabel,Yalden,iyaldencs@51.la,Female,126.19.129.164
Hildagarde,Lewendon,hlewendonct@netvibes.com,Female,229.90.85.196
Clemente,Staddon,cstaddoncu@springer.com,Male,31.13.74.7
Coralyn,Donavan,cdonavancv@tuttocitta.it,Female,185.47.185.38
Gibby,Bomfield,gbomfieldcw@loc.gov,Male,83.160.172.225
Benny,Houlaghan,bhoulaghancx@webs.com,Male,136.238.19.136
Ruthanne,Sculpher,rsculphercy@goo.gl,Female,47.194.206.35
Miltie,Georgins,mgeorginscz@youku.com,Male,187.174.96.152
Tim,Preddle,tpreddled0@jimdo.com,Female,158.30.119.81
Quintana,Pleass,qpleassd1@friendfeed.com,Female,232.6.15.50
Cahra,Kernell,ckernelld2@stanford.edu,Female,255.17.83.172
Quinn,Orrock,qorrockd3@intel.com,Female,80.17.79.127
Lilith,Antonelli,lantonellid4@adobe.com,Female,103.184.91.94
Harriett,McGuckin,hmcguckind5@hibu.com,Female,205.53.176.150
Holly,Mifflin,hmifflind6@dion.ne.jp,Female,135.167.246.152
Devy,Oades,doadesd7@posterous.com,Male,140.39.94.74
Eduardo,Eley,eeleyd8@google.es,Male,211.53.243.139
Kippie,Sinyard,ksinyardd9@omniture.com,Male,228.156.62.31
Huey,Marler,hmarlerda@printfriendly.com,Male,112.133.63.38
Nehemiah,Eastope,neastopedb@europa.eu,Male,244.240.98.221
Davin,Djuricic,ddjuricicdc@blogs.com,Male,195.17.89.46
Tilda,Vardie,tvardiedd@xing.com,Female,96.103.215.124
Doe,Ambrus,dambrusde@flavors.me,Female,144.71.202.222
Rustie,Johnsee,rjohnseedf@dion.ne.jp,Male,24.175.248.150
Renate,Swayne,rswaynedg@tinypic.com,Female,110.111.227.65
Britni,Conboy,bconboydh@amazon.de,Female,139.11.20.56
Ferd,Chittey,fchitteydi@dailymail.co.uk,Male,63.59.114.238
Libbey,Coton,lcotondj@hhs.gov,Female,207.138.212.219
Joli,Suerz,jsuerzdk@bigcartel.com,Female,152.12.51.139
Hillier,Cholomin,hcholomindl@qq.com,Male,214.226.105.242
Aubine,Sarson,asarsondm@salon.com,Female,177.29.185.1
Hew,Totterdell,htotterdelldn@nsw.gov.au,Male,203.118.226.183
Tammie,Cogzell,tcogzelldo@accuweather.com,Male,222.12.238.244
Benson,Kelloch,bkellochdp@networkadvertising.org,Male,65.20.11.91
Dulcine,Simonian,dsimoniandq@google.de,Female,239.90.254.76
Woody,Glennon,wglennondr@netlog.com,Male,46.44.69.82
Ham,Montel,hmontelds@skyrock.com,Male,190.226.128.233
Archie,Leglise,aleglisedt@chicagotribune.com,Male,88.12.139.140
Bel,Crosswaite,bcrosswaitedu@amazon.com,Female,91.52.66.228
Sherwood,Oehme,soehmedv@wikispaces.com,Male,198.49.40.230
Ricardo,Fishlee,rfishleedw@icio.us,Male,35.219.100.219
Rodolfo,Branche,rbranchedx@moonfruit.com,Male,215.154.73.15
Wright,Fardell,wfardelldy@cnet.com,Male,81.40.75.9
Amil,Dunhill,adunhilldz@google.pl,Female,59.60.117.125
Rodd,Skingley,rskingleye0@army.mil,Male,15.138.198.241
Alano,Pinare,apinaree1@statcounter.com,Male,187.150.115.42
Man,Pohling,mpohlinge2@noaa.gov,Male,21.19.119.136
Neille,Papen,npapene3@reference.com,Female,94.18.12.70
Bjorn,De Nisco,bdeniscoe4@google.co.uk,Male,69.198.127.146
Gertie,Perrot,gperrote5@bluehost.com,Female,246.235.67.229
Allina,Hulme,ahulmee6@ustream.tv,Female,93.187.18.185
Shanda,Durie,sduriee7@dropbox.com,Female,255.248.59.153
Chrysa,O'Connor,coconnore8@ebay.com,Female,30.161.171.22
Jimmy,Vase,jvasee9@wordpress.com,Male,67.218.229.209
Harv,McPhelim,hmcphelimea@purevolume.com,Male,141.177.62.199
Jordan,Maestro,jmaestroeb@csmonitor.com,Male,4.208.184.106
Werner,Schuricht,wschurichtec@wp.com,Male,160.222.247.122
Derry,Pincott,dpincotted@ycombinator.com,Male,236.69.163.72
Goldi,Shambrook,gshambrookee@netscape.com,Female,220.253.33.59
Brenna,Fairbrass,bfairbrassef@yellowbook.com,Female,169.200.251.134
Bendite,Voss,bvosseg@nytimes.com,Female,93.108.95.102
Merline,Heggadon,mheggadoneh@microsoft.com,Female,45.28.68.123
Avrit,Parker,aparkerei@trellian.com,Female,4.130.207.145
Hettie,Bigadike,hbigadikeej@google.ca,Female,145.152.136.61
Del,Malins,dmalinsek@devhub.com,Female,45.50.237.61
Eran,Gurnee,egurneeel@earthlink.net,Female,138.150.97.159
Sharyl,Dalliwater,sdalliwaterem@bloglovin.com,Female,192.36.77.86
Nicol,Habbergham,nhabberghamen@blogs.com,Male,195.157.130.98
Daniel,Gallegos,dgallegoseo@fotki.com,Male,219.31.242.187
Paula,Ridgewell,pridgewellep@mapy.cz,Female,196.146.58.179
Berrie,Drivers,bdriverseq@comcast.net,Female,97.101.118.235
Travis,Shrieves,tshrieveser@wikimedia.org,Male,115.107.11.124
Pancho,Giacomazzo,pgiacomazzoes@dmoz.org,Male,47.195.48.73
Dulcea,Spall,dspallet@ifeng.com,Female,1.12.103.225
Mag,Nuemann,mnuemanneu@ca.gov,Female,115.40.246.154
Millard,Pearse,mpearseev@vimeo.com,Male,126.109.93.246
Leonid,Monard,lmonardew@nba.com,Male,86.52.231.252
Leila,Atherley,latherleyex@amazon.co.jp,Female,154.187.6.38
Micheline,Kynton,mkyntoney@google.cn,Female,228.142.70.229
Hyman,Burner,hburnerez@engadget.com,Male,150.137.145.100
Tallie,McHarry,tmcharryf0@printfriendly.com,Female,147.242.37.185
Garner,Elsom,gelsomf1@instagram.com,Male,62.37.138.55
Roi,Keele,rkeelef2@shinystat.com,Male,193.227.87.5
Way,Micklewicz,wmicklewiczf3@sbwire.com,Male,254.66.67.48
Lorrie,Edgars,ledgarsf4@wp.com,Male,243.130.54.5
Flore,Huyge,fhuygef5@biblegateway.com,Female,12.51.171.94
Nathanael,Mercer,nmercerf6@mapquest.com,Male,234.59.136.171
Rayna,Fitchew,rfitchewf7@clickbank.net,Female,41.19.137.210
Farlee,Empleton,fempletonf8@hostgator.com,Male,21.99.66.91
Reggie,Gallard,rgallardf9@dedecms.com,Male,37.9.129.95
Herculie,Shilton,hshiltonfa@ft.com,Male,234.5.169.166
Bancroft,Gath,bgathfb@reference.com,Male,74.94.87.226
Eustace,Slad,esladfc@t-online.de,Male,44.139.221.253
Thayne,Stollman,tstollmanfd@amazonaws.com,Male,137.2.198.208
Benny,Lucks,blucksfe@posterous.com,Female,103.36.126.115
Huberto,McGriele,hmcgrieleff@wufoo.com,Male,30.34.102.244
Lammond,Couroy,lcouroyfg@t-online.de,Male,128.95.34.228
Risa,Sly,rslyfh@patch.com,Female,248.124.30.89
Den,Beedon,dbeedonfi@apple.com,Male,234.43.127.95
Elvis,Kilminster,ekilminsterfj@barnesandnoble.com,Male,217.97.64.204
Mufinella,Foyston,mfoystonfk@cdbaby.com,Female,231.5.21.239
Magda,Gypson,mgypsonfl@rediff.com,Female,90.210.226.248
Orv,Laxe,olaxefm@cloudflare.com,Male,142.97.75.95
Tiena,Emes,temesfn@theatlantic.com,Female,38.9.88.25
Gianina,Fahy,gfahyfo@shareasale.com,Female,145.48.153.81
Thibaut,Petrosian,tpetrosianfp@foxnews.com,Male,189.91.117.10
Clarisse,Servante,cservantefq@sitemeter.com,Female,227.64.64.196
Viviyan,Dober,vdoberfr@tripadvisor.com,Female,221.188.197.88
Law,Barme,lbarmefs@over-blog.com,Male,52.168.190.63
Adella,Ryce,aryceft@army.mil,Female,66.102.8.241
Steve,Chinery,schineryfu@nba.com,Male,7.140.151.91
Muffin,Izak,mizakfv@nih.gov,Male,98.197.31.242
Arley,Bamsey,abamseyfw@blinklist.com,Male,41.238.23.135
Ursulina,Blodgetts,ublodgettsfx@phoca.cz,Female,53.78.87.10
Joannes,Kalinke,jkalinkefy@unicef.org,Female,21.205.190.84
Damiano,O' Hogan,dohoganfz@unc.edu,Male,55.112.3.99
Oliver,Roose,orooseg0@who.int,Male,1.134.238.30
Yetta,Wingfield,ywingfieldg1@mtv.com,Female,237.159.157.43
Darrin,Silversmid,dsilversmidg2@springer.com,Male,63.35.93.189
Star,Chaster,schasterg3@1und1.de,Female,163.237.121.97
Carey,Shurlock,cshurlockg4@howstuffworks.com,Female,20.214.206.31
Lammond,Swatten,lswatteng5@blogtalkradio.com,Male,0.18.49.158
Herschel,Fidal,hfidalg6@google.com.hk,Male,58.143.126.112
Quintina,Butterley,qbutterleyg7@moonfruit.com,Female,50.106.250.0
Hillary,Poter,hpoterg8@hexun.com,Female,171.227.116.46
Clement,Holdworth,choldworthg9@blogs.com,Male,253.165.208.101
Bartlett,Sykora,bsykoraga@themeforest.net,Male,155.148.33.51
Ivory,Halsey,ihalseygb@unc.edu,Female,78.239.128.145
Ulises,Pauleit,upauleitgc@theglobeandmail.com,Male,61.19.150.29
Alessandro,Colwill,acolwillgd@psu.edu,Male,16.18.123.227
Indira,Winterton,iwintertonge@linkedin.com,Female,175.171.109.102
Aloin,Spellacey,aspellaceygf@live.com,Male,187.85.211.121
Bartolomeo,Winter,bwintergg@twitter.com,Male,45.223.208.212
Antonin,Chestney,achestneygh@japanpost.jp,Male,127.174.8.146
Rik,Steiner,rsteinergi@smh.com.au,Male,245.80.250.24
Debor,Babalola,dbabalolagj@businesswire.com,Female,49.234.143.137
Kaine,Grishanov,kgrishanovgk@blogger.com,Male,14.7.217.236
Jodie,Tschierse,jtschiersegl@hud.gov,Male,41.120.132.245
Lu,Blaydon,lblaydongm@google.pl,Female,40.39.223.205
Griffin,Purvis,gpurvisgn@va.gov,Male,8.135.193.32
Eli,Gillogley,egillogleygo@squidoo.com,Male,78.92.232.22
Holly,Mccaull,hmccaullgp@simplemachines.org,Female,89.217.179.75
Norrie,Demeter,ndemetergq@gmpg.org,Female,39.178.40.121
Pier,Blague,pblaguegr@sogou.com,Female,100.80.213.235
Reynolds,McCullum,rmccullumgs@mlb.com,Male,236.131.27.106
Joice,Hegdonne,jhegdonnegt@a8.net,Female,98.52.174.103
Laurena,Ickovits,lickovitsgu@mail.ru,Female,224.10.158.214
Eran,McManus,emcmanusgv@odnoklassniki.ru,Female,206.130.107.26
Bartholemy,Eccleston,becclestongw@icio.us,Male,46.220.147.88
Micheal,Leverette,mleverettegx@wordpress.org,Male,221.104.243.127
Katine,de Quesne,kdequesnegy@friendfeed.com,Female,243.103.244.129
Cookie,Roux,crouxgz@cyberchimps.com,Female,35.24.214.207
Colver,Roark,croarkh0@pinterest.com,Male,29.158.57.89
Franz,Marsham,fmarshamh1@yandex.ru,Male,158.36.227.226
Albertina,Bourgeois,abourgeoish2@microsoft.com,Female,20.32.71.137
Daron,Sauven,dsauvenh3@lycos.com,Female,150.10.14.198
Barrie,Growy,bgrowyh4@tripadvisor.com,Female,143.57.1.252
Barrett,Skevington,bskevingtonh5@acquirethisname.com,Male,218.36.193.169
Deb,Roderigo,droderigoh6@plala.or.jp,Female,131.132.143.104
Aldrich,McGing,amcgingh7@fema.gov,Male,237.124.85.164
Lindsy,Chominski,lchominskih8@creativecommons.org,Female,62.90.66.208
Fanni,Chiddy,fchiddyh9@cloudflare.com,Female,159.85.190.167
Angil,Graver,agraverha@nbcnews.com,Female,111.162.163.230
Dav,Beales,dbealeshb@goodreads.com,Male,243.183.244.213
Sanders,Segot,ssegothc@moonfruit.com,Male,214.172.115.51
Jeremiah,Farbrace,jfarbracehd@wordpress.com,Male,162.71.186.207
Chiquia,Maasze,cmaaszehe@alexa.com,Female,254.137.21.255
Sinclare,Vondruska,svondruskahf@is.gd,Male,178.46.55.245
Carmine,Descroix,cdescroixhg@flickr.com,Male,187.116.110.96
Kane,Bassom,kbassomhh@surveymonkey.com,Male,219.50.196.93
Joye,Burkinshaw,jburkinshawhi@auda.org.au,Female,251.6.33.176
Baryram,Marioneau,bmarioneauhj@homestead.com,Male,207.87.43.2
Zachariah,Colvie,zcolviehk@seattletimes.com,Male,204.168.34.91
Baron,Hauger,bhaugerhl@angelfire.com,Male,29.125.62.151
Willa,Beloe,wbeloehm@europa.eu,Female,221.217.39.1
Rosabella,Royle,rroylehn@nyu.edu,Female,195.112.5.155
Cecily,Birkinshaw,cbirkinshawho@oaic.gov.au,Female,155.207.33.148
Dory,McLelland,dmclellandhp@usda.gov,Male,187.186.185.136
Marilyn,Wincott,mwincotthq@de.vu,Female,173.7.243.139
Alissa,Pettman,apettmanhr@live.com,Female,102.215.240.122
Lammond,Harnott,lharnotths@intel.com,Male,43.39.202.159
Talyah,Winn,twinnht@businessweek.com,Female,243.155.105.58
Chester,Southcombe,csouthcombehu@ezinearticles.com,Male,27.234.173.157
Neely,Cabotto,ncabottohv@rambler.ru,Female,254.177.196.236
Aura,Bransby,abransbyhw@printfriendly.com,Female,242.247.46.98
Shannon,Vreede,svreedehx@addtoany.com,Female,231.204.51.235
Fabio,Birchenough,fbirchenoughhy@hugedomains.com,Male,47.141.41.71
Fitz,Camilli,fcamillihz@flavors.me,Male,50.88.115.164
Joya,Sparwell,jsparwelli0@histats.com,Female,199.149.5.207
Latashia,Vieyra,lvieyrai1@prweb.com,Female,212.250.15.145
Sheridan,Shoard,sshoardi2@acquirethisname.com,Male,180.152.176.0
Saxon,Harlett,sharletti3@storify.com,Male,23.138.91.28
Noel,Mazey,nmazeyi4@pagesperso-orange.fr,Female,255.90.188.67
Bird,Cometson,bcometsoni5@printfriendly.com,Female,231.102.60.36
Crysta,Doherty,cdohertyi6@cyberchimps.com,Female,158.62.95.26
Osgood,Jolliff,ojolliffi7@ucla.edu,Male,191.47.131.246
Clarissa,Agnew,cagnewi8@google.com.br,Female,152.2.178.67
Englebert,Tolmie,etolmiei9@alibaba.com,Male,61.119.10.4
Clemmy,Clemence,cclemenceia@guardian.co.uk,Male,21.118.182.7
Tucker,Haggish,thaggishib@auda.org.au,Male,80.163.217.57
Corby,Aspland,casplandic@alibaba.com,Male,50.47.95.132
Tandy,McAline,tmcalineid@1und1.de,Female,43.98.205.130
Dane,Colt,dcoltie@sbwire.com,Male,165.187.46.154
Ivan,Waldrum,iwaldrumif@dmoz.org,Male,236.88.111.122
Dulcinea,Saller,dsallerig@nba.com,Female,76.230.133.14
Maximilian,Blasetti,mblasettiih@goo.ne.jp,Male,139.162.76.139
Thaine,Linger,tlingerii@addtoany.com,Male,185.175.186.59
Karla,Soane,ksoaneij@sakura.ne.jp,Female,50.249.18.118
Burlie,Harmeston,bharmestonik@seesaa.net,Male,37.217.211.100
Mohandas,Thom,mthomil@acquirethisname.com,Male,89.244.223.52
Fairfax,Reddyhoff,freddyhoffim@freewebs.com,Male,63.39.234.148
Zebadiah,Mossdale,zmossdalein@ucoz.ru,Male,247.241.19.107
Jorgan,Trewhela,jtrewhelaio@umich.edu,Male,160.72.69.37
Tamas,Bottrell,tbottrellip@tumblr.com,Male,203.209.94.14
Suzi,Seear,sseeariq@blog.com,Female,186.148.200.79
Batsheva,Norris,bnorrisir@toplist.cz,Female,242.103.127.13
Abdul,Hussell,ahussellis@skyrock.com,Male,89.248.56.5
Traver,Manske,tmanskeit@buzzfeed.com,Male,61.21.82.153
Aime,Lavallin,alavalliniu@hud.gov,Female,170.23.184.134
Wilden,Ragdale,wragdaleiv@usgs.gov,Male,63.174.182.170
Manfred,Gallehock,mgallehockiw@nytimes.com,Male,28.253.195.184
Drew,Brockhurst,dbrockhurstix@parallels.com,Male,214.59.100.56
Shelden,Yearnsley,syearnsleyiy@engadget.com,Male,252.64.198.123
Alexine,Murrill,amurrilliz@mlb.com,Female,74.199.154.138
Maurine,Daw,mdawj0@netlog.com,Female,218.201.15.213
Sidney,Alecock,salecockj1@instagram.com,Male,201.45.199.100
Ermengarde,Milne,emilnej2@chicagotribune.com,Female,79.154.151.6
Emmaline,Yarr,eyarrj3@php.net,Female,32.75.122.160
Gallard,Pedwell,gpedwellj4@hhs.gov,Male,180.113.30.1
Sven,Lafoy,slafoyj5@economist.com,Male,17.244.192.248
Abbey,Glendinning,aglendinningj6@privacy.gov.au,Male,123.92.251.210
Lennie,Penchen,lpenchenj7@fda.gov,Male,216.165.9.17
Caz,Llewellyn,cllewellynj8@admin.ch,Male,130.68.215.172
Freddie,Haggath,fhaggathj9@eventbrite.com,Male,248.34.188.217
Lisette,Mathevet,lmathevetja@webs.com,Female,36.135.183.169
Gypsy,Watt,gwattjb@sina.com.cn,Female,100.134.120.73
Hephzibah,O' Mullane,homullanejc@sfgate.com,Female,245.50.185.139
Heath,Pasmore,hpasmorejd@so-net.ne.jp,Male,45.178.197.165
Odell,Muckley,omuckleyje@businessweek.com,Male,126.161.199.149
Sabina,Batalini,sbatalinijf@vk.com,Female,6.45.43.55
Llewellyn,Kort,lkortjg@unicef.org,Male,114.133.173.60
Em,Matuszak,ematuszakjh@businesswire.com,Male,153.3.199.81
Nanine,MacRirie,nmacririeji@vk.com,Female,52.10.141.241
Lucila,Wardle,lwardlejj@comcast.net,Female,60.127.23.163
Sherlocke,Vause,svausejk@digg.com,Male,194.88.14.56
Palm,Blucher,pblucherjl@sogou.com,Male,237.48.79.122
Meris,Colerick,mcolerickjm@51.la,Female,220.162.132.23
Cletis,Cheale,cchealejn@businessweek.com,Male,100.202.195.8
Frederica,Carbery,fcarberyjo@patch.com,Female,50.87.198.12
Jerrome,Fursey,jfurseyjp@addthis.com,Male,200.136.230.71
Elianora,Fike,efikejq@discuz.net,Female,3.111.181.104
Claudius,Bielfeld,cbielfeldjr@usgs.gov,Male,245.199.231.252
Sukey,Chataignier,schataignierjs@ca.gov,Female,170.137.48.84
Elenore,Grise,egrisejt@msu.edu,Female,17.37.33.107
Lanie,Blissett,lblissettju@ft.com,Male,229.36.85.164
Alaric,McGarahan,amcgarahanjv@ustream.tv,Male,48.186.177.127
Harlene,Hyslop,hhyslopjw@economist.com,Female,189.227.123.170
Waldo,Ackred,wackredjx@list-manage.com,Male,22.177.243.235
Neron,Grigsby,ngrigsbyjy@mediafire.com,Male,50.250.105.238
Lazarus,McComiskey,lmccomiskeyjz@scientificamerican.com,Male,206.23.88.230
Bathsheba,Hinder,bhinderk0@posterous.com,Female,218.183.213.212
Hilton,Semour,hsemourk1@elpais.com,Male,4.203.193.63
Sosanna,Verheijden,sverheijdenk2@army.mil,Female,53.13.60.167
Niel,Andreichik,nandreichikk3@weibo.com,Male,62.79.52.43
Catarina,Kunkler,ckunklerk4@whitehouse.gov,Female,97.231.204.243
Devlin,Shadwick,dshadwickk5@uol.com.br,Male,101.62.33.241
Damien,Bachnic,dbachnick6@auda.org.au,Male,5.127.197.237
Cross,Lynock,clynockk7@nbcnews.com,Male,71.128.203.4
Ab,Mold,amoldk8@4shared.com,Male,192.194.107.138
Jabez,Iacovielli,jiacoviellik9@webnode.com,Male,222.106.24.28
Ruben,Huffadine,rhuffadineka@buzzfeed.com,Male,176.122.226.76
Verney,Wilber,vwilberkb@wired.com,Male,43.11.93.170
Val,Lecount,vlecountkc@free.fr,Female,121.180.175.73
Pollyanna,Birdwhistle,pbirdwhistlekd@moonfruit.com,Female,15.199.14.180
Mendel,Beviss,mbevisske@engadget.com,Male,13.122.0.124
Earle,Haulkham,ehaulkhamkf@dedecms.com,Male,91.172.67.70
Kara-lynn,Bricknall,kbricknallkg@tripadvisor.com,Female,133.29.232.25
Guy,Hartright,ghartrightkh@huffingtonpost.com,Male,131.62.137.112
Pincas,Eastway,peastwayki@nature.com,Male,34.80.232.94
Karalee,Felderer,kfeldererkj@123-reg.co.uk,Female,114.59.234.88
Jordanna,Pressland,jpresslandkk@reference.com,Female,24.0.6.63
Emalee,Scrogges,escroggeskl@comsenz.com,Female,225.8.178.117
Harmony,Scrinage,hscrinagekm@oaic.gov.au,Female,14.106.210.234
Laurene,Mayberry,lmayberrykn@mozilla.com,Female,227.80.108.219
Rhianon,Haythorn,rhaythornko@walmart.com,Female,77.123.195.66
Gwyn,Jauncey,gjaunceykp@chron.com,Female,135.107.202.52
Olympe,Mereweather,omereweatherkq@fema.gov,Female,109.194.93.24
Lucine,Daniells,ldaniellskr@flickr.com,Female,211.121.190.31
Nathaniel,Mugleston,nmuglestonks@theatlantic.com,Male,37.128.38.202
Mayor,Hoffner,mhoffnerkt@theguardian.com,Male,190.69.183.98
Julian,Mazzilli,jmazzilliku@about.me,Male,235.209.87.110
Flory,Boosey,fbooseykv@altervista.org,Male,178.198.138.125
Noah,De La Cote,ndelacotekw@last.fm,Male,127.110.110.248
Rollo,Duddan,rduddankx@utexas.edu,Male,30.21.17.134
Karilynn,Donovin,kdonovinky@ocn.ne.jp,Female,218.66.5.125
Virginie,Putt,vputtkz@google.fr,Female,95.169.24.219
Wynny,Farney,wfarneyl0@boston.com,Female,194.193.139.119
Jacklyn,Bricksey,jbrickseyl1@tripod.com,Female,158.63.226.111
Lurleen,Neill,lneilll2@squarespace.com,Female,173.150.88.204
Querida,Bracci,qbraccil3@netlog.com,Female,177.210.209.222
Sharl,Elphee,selpheel4@hubpages.com,Female,164.236.144.184
Arabele,Blakden,ablakdenl5@parallels.com,Female,22.194.138.173
Margalit,Seedull,mseedulll6@shinystat.com,Female,164.59.64.244
Christoffer,Wittleton,cwittletonl7@gravatar.com,Male,144.250.17.83
Linda,Wolledge,lwolledgel8@wired.com,Female,239.200.254.225
Jephthah,Currier,jcurrierl9@google.de,Male,228.70.237.49
Edy,Yven,eyvenla@paypal.com,Female,36.210.142.247
Maryann,Mulvihill,mmulvihilllb@dropbox.com,Female,58.34.38.103
Noby,Semonin,nsemoninlc@jigsy.com,Male,161.148.111.132
Karla,Figura,kfigurald@pen.io,Female,19.93.200.114
Gayle,Tombs,gtombsle@slashdot.org,Male,97.194.21.10
Brad,Orrell,borrelllf@arstechnica.com,Male,138.69.48.243
Jehanna,Scorer,jscorerlg@smh.com.au,Female,205.89.103.96
Robby,Leatherbarrow,rleatherbarrowlh@clickbank.net,Male,102.81.184.87
Angelia,MacEntee,amacenteeli@dot.gov,Female,131.47.7.24
Fraser,Davers,fdaverslj@ucla.edu,Male,176.70.145.89
Nelle,Lamps,nlampslk@chronoengine.com,Female,172.70.80.168
Lizette,Coggings,lcoggingsll@ovh.net,Female,201.250.95.142
Seumas,Geck,sgecklm@booking.com,Male,239.186.18.225
Granville,Kibblewhite,gkibblewhiteln@ning.com,Male,125.65.216.166
Sky,Roskruge,sroskrugelo@deliciousdays.com,Male,196.215.120.246
Codie,Petofi,cpetofilp@storify.com,Female,90.237.209.63
Marne,Leddie,mleddielq@google.it,Female,27.76.119.168
Luce,Baythrop,lbaythroplr@icio.us,Male,98.84.72.56
Dermot,Goodchild,dgoodchildls@cdbaby.com,Male,161.24.124.159
Roger,Beaver,rbeaverlt@ca.gov,Male,188.30.29.123
Norene,Treace,ntreacelu@marriott.com,Female,90.132.54.199
Adriena,Robinet,arobinetlv@theguardian.com,Female,117.52.118.72
Chelsea,Cammiemile,ccammiemilelw@hibu.com,Female,140.103.168.228
Cami,McTiernan,cmctiernanlx@google.ca,Female,250.197.204.110
Langsdon,Savidge,lsavidgely@xing.com,Male,228.56.130.170
Marijn,Patesel,mpatesellz@disqus.com,Male,207.184.175.155
Elwood,Raymont,eraymontm0@godaddy.com,Male,48.111.144.235
Costa,Peacop,cpeacopm1@github.com,Male,99.190.235.42
Chrotoem,Lorand,clorandm2@bluehost.com,Male,19.166.52.144
Antonella,O'Hartnedy,aohartnedym3@theatlantic.com,Female,220.135.94.127
Charmion,Lightewood,clightewoodm4@toplist.cz,Female,255.159.195.207
Craggie,Westhead,cwestheadm5@reddit.com,Male,206.97.176.4
Aldridge,Pacht,apachtm6@taobao.com,Male,51.235.53.73
Tucky,Guerri,tguerrim7@linkedin.com,Male,255.186.47.181
Eduino,MacDougall,emacdougallm8@ebay.com,Male,146.136.120.19
Vittoria,Kepe,vkepem9@reverbnation.com,Female,33.142.241.98
Bernadine,Coldman,bcoldmanma@vimeo.com,Female,50.83.53.3
Stafford,Jallin,sjallinmb@webs.com,Male,48.59.215.243
Jasmin,Hendrik,jhendrikmc@webeden.co.uk,Female,157.245.32.126
Gabe,Ruckhard,gruckhardmd@blogger.com,Male,44.4.184.211
Shermie,Coldbreath,scoldbreathme@discuz.net,Male,51.166.62.168
Portia,Reppaport,preppaportmf@purevolume.com,Female,167.148.165.20
Christabel,Defond,cdefondmg@taobao.com,Female,205.175.216.125
Donalt,Spillard,dspillardmh@cisco.com,Male,81.82.163.62
Umeko,Traske,utraskemi@wikia.com,Female,149.13.3.139
Ruddy,Ateridge,rateridgemj@eepurl.com,Male,112.125.104.192
Laney,Cluet,lcluetmk@rambler.ru,Male,220.98.21.114
Vilhelmina,Meenan,vmeenanml@github.com,Female,146.125.72.148
Mendy,Nancekivell,mnancekivellmm@mozilla.com,Male,168.93.198.139
Roobbie,Dumphries,rdumphriesmn@bigcartel.com,Female,229.194.62.135
Denna,Ewell,dewellmo@ft.com,Female,153.207.84.87
Jordanna,Deverell,jdeverellmp@imgur.com,Female,199.132.44.244
Charissa,Aaronsohn,caaronsohnmq@nsw.gov.au,Female,111.61.83.152
Gaylene,Farnworth,gfarnworthmr@discovery.com,Female,100.5.219.157
Thibaud,Velde,tveldems@fastcompany.com,Male,215.107.41.95
Karen,Lorden,klordenmt@scribd.com,Female,48.59.238.152
Aindrea,Renac,arenacmu@symantec.com,Female,152.38.43.161
Stanford,Flecknoe,sflecknoemv@upenn.edu,Male,252.112.146.90
Aube,Laughton,alaughtonmw@wired.com,Male,255.235.10.35
Leonora,Kindleysides,lkindleysidesmx@salon.com,Female,125.221.219.254
Klara,Scarman,kscarmanmy@goo.gl,Female,251.68.29.183
Tristam,Soigne,tsoignemz@wp.com,Male,48.51.63.51
Krissy,Knotte,kknotten0@ycombinator.com,Female,65.37.69.159
Georgine,Goodsall,ggoodsalln1@shop-pro.jp,Female,227.141.200.167
Chas,Vowles,cvowlesn2@list-manage.com,Male,60.122.250.201
Aloisia,Shenley,ashenleyn3@vinaora.com,Female,227.234.27.139
Lisabeth,Gawthorpe,lgawthorpen4@com.com,Female,127.90.48.117
Brittni,Kernermann,bkernermannn5@slate.com,Female,20.174.47.39
Meghann,Dufoure,mdufouren6@upenn.edu,Female,130.195.190.139
Caitrin,Thresher,cthreshern7@w3.org,Female,246.186.156.14
Joycelin,Bosman,jbosmann8@hatena.ne.jp,Female,151.144.7.127
Carlita,Andreas,candreasn9@mozilla.org,Female,15.8.149.106
Taddeusz,Remmer,tremmerna@macromedia.com,Male,249.23.223.108
Aleta,Humfrey,ahumfreynb@cnbc.com,Female,179.4.224.204
Constantina,Postlethwaite,cpostlethwaitenc@ocn.ne.jp,Female,196.27.134.93
Kennan,MacKaig,kmackaignd@1688.com,Male,31.52.207.45
Pierce,Fennell,pfennellne@uiuc.edu,Male,180.105.15.231
Pooh,Turbayne,pturbaynenf@google.cn,Female,16.120.138.76
Derrick,Nussgen,dnussgenng@fastcompany.com,Male,155.96.58.249
Mikel,Janczewski,mjanczewskinh@economist.com,Male,237.8.193.52
Devinne,Partlett,dpartlettni@google.it,Female,169.170.194.146
Shelby,Theyer,stheyernj@jigsy.com,Female,40.51.58.13
Kathrine,Ridsdale,kridsdalenk@ihg.com,Female,252.232.153.77
Mile,Mainston,mmainstonnl@state.tx.us,Male,14.178.118.36
Gabbie,Bunston,gbunstonnm@sakura.ne.jp,Female,100.186.30.55
Federica,Soanes,fsoanesnn@biblegateway.com,Female,21.17.133.241
Daisy,Wheatland,dwheatlandno@ehow.com,Female,83.146.23.160
Tamiko,Sizeland,tsizelandnp@accuweather.com,Female,246.117.146.172
Knox,Lamborn,klambornnq@purevolume.com,Male,242.44.159.236
Donovan,Larmor,dlarmornr@japanpost.jp,Male,37.232.181.7
Gil,Gaylor,ggaylorns@imgur.com,Male,225.60.58.101
Packston,Morehall,pmorehallnt@pagesperso-orange.fr,Male,100.33.76.13
Gibby,Chang,gchangnu@go.com,Male,183.134.129.81
Carmine,Mowsdale,cmowsdalenv@privacy.gov.au,Female,67.134.46.195
Konstance,Bunce,kbuncenw@networkadvertising.org,Female,199.197.28.156
Bernice,Landor,blandornx@goo.ne.jp,Female,140.84.139.100
Conroy,Egar,cegarny@lycos.com,Male,152.234.243.202
Erhard,Vaines,evainesnz@bizjournals.com,Male,127.156.90.134
Katey,Piddock,kpiddocko0@i2i.jp,Female,70.171.20.45
Woodman,Rawll,wrawllo1@tinypic.com,Male,24.7.96.26
Trude,Bugbee,tbugbeeo2@ifeng.com,Female,141.247.173.71
Brodie,Overland,boverlando3@constantcontact.com,Male,176.37.82.36
Rand,Surgener,rsurgenero4@nhs.uk,Male,189.133.174.150
Lucila,OIlier,loiliero5@twitter.com,Female,149.182.196.19
Ninetta,Jobin,njobino6@noaa.gov,Female,21.19.15.105
Dun,Izaks,dizakso7@huffingtonpost.com,Male,237.212.230.91
Marleen,Curphey,mcurpheyo8@google.nl,Female,57.195.99.119
Corilla,Danhel,cdanhelo9@google.co.jp,Female,107.158.44.156
Marcello,Pinock,mpinockoa@ezinearticles.com,Male,103.202.96.223
Cort,Skune,cskuneob@slideshare.net,Male,180.178.80.238
Hieronymus,Borthwick,hborthwickoc@nymag.com,Male,230.22.159.166
Dominique,Maddyson,dmaddysonod@techcrunch.com,Male,184.9.39.1
Mela,Haycox,mhaycoxoe@google.es,Female,23.250.197.210
Reggie,Sheridan,rsheridanof@bandcamp.com,Male,225.48.205.233
Barnebas,Swannack,bswannackog@google.com.hk,Male,239.150.73.12
Yves,Todarello,ytodarellooh@ustream.tv,Male,17.191.186.11
Riannon,Durie,rdurieoi@feedburner.com,Female,206.222.94.86
Alexei,Slora,asloraoj@fema.gov,Male,252.199.70.92
Grannie,Glasspool,gglasspoolok@ocn.ne.jp,Male,53.192.20.92
Glory,Lomansey,glomanseyol@addtoany.com,Female,173.103.180.10
Marie-ann,Trowill,mtrowillom@wordpress.org,Female,251.42.22.237
Chicky,Calkin,ccalkinon@bbc.co.uk,Female,192.32.95.68
Gar,Camin,gcaminoo@craigslist.org,Male,30.32.172.39
Cecil,Radage,cradageop@intel.com,Male,126.149.252.54
Lilith,Scowcraft,lscowcraftoq@gizmodo.com,Female,139.105.63.91
Cullin,Cough,ccoughor@state.gov,Male,186.175.146.36
Bryn,Everwin,beverwinos@surveymonkey.com,Male,244.37.51.151
Delcine,Lynett,dlynettot@amazon.com,Female,108.90.229.248
Caro,McFarlan,cmcfarlanou@gmpg.org,Female,71.163.173.82
Honoria,De Angelo,hdeangeloov@examiner.com,Female,211.8.217.9
Quinton,Farherty,qfarhertyow@flickr.com,Male,249.27.150.147
Ansell,Bagenal,abagenalox@list-manage.com,Male,153.167.72.229
Zackariah,Giddens,zgiddensoy@flavors.me,Male,204.180.146.127
Jessa,Salaman,jsalamanoz@wordpress.org,Female,35.78.200.208
Filbert,Cammacke,fcammackep0@ifeng.com,Male,47.236.68.214
Eleen,Cordaroy,ecordaroyp1@census.gov,Female,178.101.21.238
Jena,Honacker,jhonackerp2@mlb.com,Female,165.235.77.50
Annabal,Lealle,aleallep3@pinterest.com,Female,154.21.235.211
Isac,Samper,isamperp4@mit.edu,Male,210.229.143.212
Syd,Brooksbank,sbrooksbankp5@unesco.org,Male,199.249.241.69
Helaine,Satch,hsatchp6@uol.com.br,Female,121.58.225.162
Lukas,Doiley,ldoileyp7@exblog.jp,Male,155.189.139.52
Noak,Broinlich,nbroinlichp8@yellowpages.com,Male,59.147.240.58
Ludwig,Cheeseman,lcheesemanp9@cafepress.com,Male,129.74.180.18
Dominga,Matthiae,dmatthiaepa@freewebs.com,Female,93.184.131.239
Mateo,Tolomelli,mtolomellipb@typepad.com,Male,68.11.171.220
Sydney,Krystof,skrystofpc@taobao.com,Male,211.43.209.166
Genevra,Brinicombe,gbrinicombepd@sbwire.com,Female,227.72.89.110
Cynde,Speakman,cspeakmanpe@japanpost.jp,Female,224.167.197.45
Parrnell,Lammiman,plammimanpf@nasa.gov,Male,220.115.154.168
Aveline,Harwin,aharwinpg@mac.com,Female,220.229.213.229
Odie,Brome,obromeph@whitehouse.gov,Male,99.179.193.125
Carl,Marton,cmartonpi@accuweather.com,Male,92.164.81.103
Staci,Cowins,scowinspj@telegraph.co.uk,Female,46.191.248.244
Analiese,Cowburn,acowburnpk@nytimes.com,Female,163.143.206.56
Arliene,Gadney,agadneypl@google.com.hk,Female,117.77.170.73
Ivette,Garcia,igarciapm@lycos.com,Female,195.46.249.56
Gustie,Goodby,ggoodbypn@4shared.com,Female,112.92.31.219
Farah,Aitcheson,faitchesonpo@printfriendly.com,Female,250.72.152.227
Giustina,Nesterov,gnesterovpp@miibeian.gov.cn,Female,161.134.144.159
Chic,Stoltz,cstoltzpq@friendfeed.com,Male,96.43.236.223
Maribelle,Sedger,msedgerpr@amazon.de,Female,106.158.166.132
Tabb,Marsland,tmarslandps@artisteer.com,Male,50.139.159.159
Rusty,Christiensen,rchristiensenpt@oakley.com,Male,143.231.20.234
Talbert,Urling,turlingpu@naver.com,Male,154.44.223.191
Gard,Leyre,gleyrepv@symantec.com,Male,157.176.233.156
Kessia,Laird-Craig,klairdcraigpw@marketwatch.com,Female,153.10.201.186
Whitney,Boldock,wboldockpx@typepad.com,Female,229.196.26.223
Colin,Le Brom,clebrompy@artisteer.com,Male,211.13.201.55
Rodrigo,Howson,rhowsonpz@geocities.com,Male,93.3.183.175
Ferdinanda,Ridsdole,fridsdoleq0@sciencedirect.com,Female,106.36.213.28
Philippa,Zottoli,pzottoliq1@usa.gov,Female,85.252.169.160
Thibaud,McArdell,tmcardellq2@icq.com,Male,207.18.68.233
Jeffie,Frank,jfrankq3@miibeian.gov.cn,Male,237.49.100.175
Nicko,Faloon,nfaloonq4@weebly.com,Male,255.61.185.234
Lucio,Davydochkin,ldavydochkinq5@360.cn,Male,76.10.37.151
Jourdain,Amar,jamarq6@flickr.com,Male,58.233.253.57
Margaretta,Wilcockes,mwilcockesq7@walmart.com,Female,152.208.135.113
Bartel,Palffy,bpalffyq8@ca.gov,Male,98.163.7.39
Federico,Grindell,fgrindellq9@google.cn,Male,143.122.90.241
Moises,Murrhardt,mmurrhardtqa@multiply.com,Male,248.254.131.119
Petronille,Kalewe,pkaleweqb@europa.eu,Female,89.143.198.175
Balduin,deKnevet,bdeknevetqc@mysql.com,Male,186.42.27.20
Leif,Spacie,lspacieqd@studiopress.com,Male,251.28.64.203
Idell,Chad,ichadqe@rediff.com,Female,251.117.39.247
Jeniffer,Scandred,jscandredqf@blog.com,Female,224.235.157.141
Ileana,Leydon,ileydonqg@washington.edu,Female,71.192.140.80
Leonard,Gimblett,lgimblettqh@abc.net.au,Male,54.83.200.193
Wendie,Grayer,wgrayerqi@sciencedirect.com,Female,18.232.113.126
Joe,de Verson,jdeversonqj@histats.com,Male,60.16.219.20
Lucie,Gianni,lgianniqk@domainmarket.com,Female,10.240.35.249
Burtie,Muckersie,bmuckersieql@huffingtonpost.com,Male,204.171.134.117
Gertruda,Masarrat,gmasarratqm@deliciousdays.com,Female,33.202.103.69
Gabriell,Beel,gbeelqn@com.com,Female,65.72.240.201
Marcello,Speere,mspeereqo@wsj.com,Male,106.68.117.208
Pierce,Sebley,psebleyqp@bloomberg.com,Male,244.245.77.29
Bambi,Touzey,btouzeyqq@behance.net,Female,146.13.165.13
Deena,Kuhlmey,dkuhlmeyqr@biglobe.ne.jp,Female,41.11.206.218
Maddie,Dundridge,mdundridgeqs@booking.com,Male,31.146.22.140
Aube,Wasling,awaslingqt@booking.com,Male,115.158.43.103
Sally,Clohissy,sclohissyqu@buzzfeed.com,Female,128.128.185.41
Gerti,Shiril,gshirilqv@webnode.com,Female,92.84.233.153
Annissa,Faithfull,afaithfullqw@digg.com,Female,99.229.251.162
Jena,Fullalove,jfullaloveqx@intel.com,Female,49.85.42.106
Benji,Kersaw,bkersawqy@canalblog.com,Male,185.133.68.157
Angelo,Gayler,agaylerqz@independent.co.uk,Male,24.114.59.196
Booth,Frondt,bfrondtr0@flickr.com,Male,211.21.47.132
Nancy,Tierny,ntiernyr1@wordpress.com,Female,53.216.162.156
Garald,Housam,ghousamr2@ustream.tv,Male,25.19.193.188
Wilfred,Skrines,wskrinesr3@dion.ne.jp,Male,33.205.181.219
Thomasine,Birchwood,tbirchwoodr4@last.fm,Female,225.198.254.156
Isadora,Joscelyne,ijoscelyner5@va.gov,Female,199.206.195.59
Tracy,Freschi,tfreschir6@nih.gov,Female,187.117.115.9
Tessy,Geer,tgeerr7@ebay.co.uk,Female,250.113.233.46
Ingmar,Castilla,icastillar8@who.int,Male,11.203.11.236
Greggory,Eddis,geddisr9@nbcnews.com,Male,21.9.79.206
Marcia,Haselden,mhaseldenra@com.com,Female,245.29.58.125
Sandi,Batalle,sbatallerb@live.com,Female,117.122.45.126
Fleming,Gleeson,fgleesonrc@cargocollective.com,Male,164.133.127.197
Ellswerth,Bonsale,ebonsalerd@upenn.edu,Male,88.44.8.173
Ezri,Howison,ehowisonre@theglobeandmail.com,Male,222.83.45.128
Glenden,Grouen,ggrouenrf@multiply.com,Male,41.166.99.13
Hettie,Livings,hlivingsrg@yellowbook.com,Female,208.150.64.180
Reinhold,Simak,rsimakrh@sina.com.cn,Male,7.22.158.118
Cristy,Abbett,cabbettri@netscape.com,Female,76.253.207.252
Anni,Furmage,afurmagerj@example.com,Female,153.30.218.247
Shamus,Bisiker,sbisikerrk@apache.org,Male,225.252.178.36
Gina,Rickerby,grickerbyrl@marriott.com,Female,240.3.49.136
Elias,Nashe,enasherm@tinyurl.com,Male,169.149.213.197
Olva,Stanion,ostanionrn@irs.gov,Female,68.22.185.14
Carlie,Ruddy,cruddyro@uol.com.br,Male,199.12.139.173
Pincus,Furtado,pfurtadorp@wunderground.com,Male,74.230.93.88
Barbe,Povlsen,bpovlsenrq@guardian.co.uk,Female,200.191.155.52
Ayn,Charlo,acharlorr@slideshare.net,Female,117.2.45.154
